gene1,gene2,weighted_mutation_average
ZFPM1,ACC,2.333333333
MUC5B,ACC,1.622222222
CRIPAK,ACC,1.577777778
GARS,ACC,1.577777778
ZNF517,ACC,1.466666667
PLEC,ACC,1.455555556
LRIG1,ACC,1.377777778
OBSCN,ACC,1.322222222
MUC2,ACC,1.288888889
LACTB,ACC,1.211111111
OPRD1,ACC,1.177777778
USP42,ACC,1.155555556
SOWAHA,ACC,1.155555556
CCDC102A,ACC,1.155555556
DSPP,ACC,1.144444444
TOR3A,ACC,1.111111111
PODXL,ACC,1.066666667
ZNF787,ACC,1.066666667
TRIOBP,ACC,1.033333333
MUC4,ACC,1.011111111
B3GNT6,ACC,1
MUC16,ACC,0.988888889
OTOP1,ACC,0.955555556
TPO,ACC,0.933333333
IRX3,ACC,0.933333333
TTN,BLCA,2.538461538
TP53,BLCA,2.107692308
MUC16,BLCA,1.5
KMT2D,BLCA,1.307692308
ARID1A,BLCA,1.284615385
KDM6A,BLCA,1.069230769
KMT2C,BLCA,0.907692308
SYNE1,BLCA,0.846153846
PIK3CA,BLCA,0.815384615
HMCN1,BLCA,0.792307692
FLG,BLCA,0.769230769
EP300,BLCA,0.707692308
RYR2,BLCA,0.692307692
CDKN1A,BLCA,0.669230769
CSMD3,BLCA,0.669230769
ZFHX4,BLCA,0.646153846
KMT2A,BLCA,0.630769231
PDE4DIP,BLCA,0.615384615
MACF1,BLCA,0.607692308
LRP1B,BLCA,0.6
CREBBP,BLCA,0.6
MUC17,BLCA,0.592307692
AHNAK2,BLCA,0.592307692
SYNE2,BLCA,0.584615385
SPTAN1,BLCA,0.584615385
PIK3CA,BRCA,1.287615148
TP53,BRCA,1.273285568
TTN,BRCA,0.749232344
CDH1,BRCA,0.522006141
GATA3,BRCA,0.420675537
MUC16,BRCA,0.35926305
MAP3K1,BRCA,0.350051177
KMT2C,BRCA,0.332650972
MUC4,BRCA,0.261003071
MUC12,BRCA,0.244626407
RYR2,BRCA,0.205731832
SYNE1,BRCA,0.203684749
FLG,BRCA,0.201637666
USH2A,BRCA,0.198567042
MUC5B,BRCA,0.196519959
RYR3,BRCA,0.18321392
NCOR1,BRCA,0.178096213
SPEN,BRCA,0.170931423
DMD,BRCA,0.170931423
SYNE2,BRCA,0.16888434
HMCN1,BRCA,0.167860798
OBSCN,BRCA,0.165813715
FCGBP,BRCA,0.164790174
HRNR,BRCA,0.164790174
NEB,BRCA,0.160696008
TTN,CESC,1.582474227
PIK3CA,CESC,1.082474227
MUC4,CESC,0.87628866
Unknown,CESC,0.788659794
KMT2C,CESC,0.701030928
MUC16,CESC,0.644329897
SYNE1,CESC,0.582474227
KMT2D,CESC,0.567010309
GPR98,CESC,0.536082474
DST,CESC,0.510309278
RYR2,CESC,0.494845361
EP300,CESC,0.469072165
SYNE2,CESC,0.463917526
MT-ND5,CESC,0.458762887
DMD,CESC,0.453608247
FBXW7,CESC,0.443298969
FLG,CESC,0.43814433
OBSCN,CESC,0.432989691
MUC5B,CESC,0.417525773
MUC12,CESC,0.402061856
USH2A,CESC,0.402061856
NEB,CESC,0.371134021
HMCN1,CESC,0.371134021
ARID1A,CESC,0.365979381
ABCA12,CESC,0.355670103
Unknown,CHOL,2.571428571
MUC4,CHOL,2
TTN,CHOL,1.257142857
PBRM1,CHOL,1.114285714
MT-ND2,CHOL,1.028571429
CDC27,CHOL,0.857142857
KMT2C,CHOL,0.857142857
MUC2,CHOL,0.857142857
BAP1,CHOL,0.828571429
DNAH5,CHOL,0.742857143
ANKRD36C,CHOL,0.714285714
BIRC6,CHOL,0.714285714
EP400,CHOL,0.685714286
ARID1A,CHOL,0.685714286
MUC5B,CHOL,0.685714286
TCHH,CHOL,0.685714286
ABCA13,CHOL,0.657142857
MUC16,CHOL,0.657142857
FRG1B,CHOL,0.657142857
MT-ND1,CHOL,0.628571429
RYR3,CHOL,0.628571429
MT-CO2,CHOL,0.628571429
FMN2,CHOL,0.6
TP53,CHOL,0.6
LRP1B,CHOL,0.571428571
APC,COAD,3.363636364
TP53,COAD,2.071428571
TTN,COAD,1.941558442
KRAS,COAD,1.532467532
SYNE1,COAD,1.155844156
LRP1B,COAD,0.915584416
FAT4,COAD,0.87012987
MUC16,COAD,0.863636364
LRP2,COAD,0.844155844
DNAH5,COAD,0.818181818
FBXW7,COAD,0.792207792
FLG,COAD,0.746753247
DMD,COAD,0.720779221
USH2A,COAD,0.714285714
SDK1,COAD,0.707792208
ANK2,COAD,0.694805195
PIK3CA,COAD,0.675324675
COL6A3,COAD,0.649350649
HMCN1,COAD,0.649350649
RYR2,COAD,0.636363636
CUBN,COAD,0.62987013
PKHD1,COAD,0.62987013
CSMD3,COAD,0.623376623
FAT2,COAD,0.616883117
MDN1,COAD,0.61038961
APC,COADREAD,3.609865471
TP53,COADREAD,2.278026906
KRAS,COADREAD,1.730941704
TTN,COADREAD,1.69058296
SYNE1,COADREAD,1.035874439
LRP1B,COADREAD,0.816143498
MUC16,COADREAD,0.811659193
FAT4,COADREAD,0.802690583
FBXW7,COADREAD,0.713004484
LRP2,COADREAD,0.708520179
DNAH5,COADREAD,0.686098655
FLG,COADREAD,0.650224215
DMD,COADREAD,0.632286996
CSMD3,COADREAD,0.614349776
ANK2,COADREAD,0.614349776
HMCN1,COADREAD,0.605381166
PIK3CA,COADREAD,0.600896861
USH2A,COADREAD,0.591928251
CSMD1,COADREAD,0.587443946
RYR2,COADREAD,0.573991031
FAT2,COADREAD,0.569506726
COL6A3,COADREAD,0.560538117
AMER1,COADREAD,0.542600897
DCHS2,COADREAD,0.538116592
ZFHX4,COADREAD,0.533632287
IGLL5,DLBC,1.604166667
KMT2D,DLBC,1.520833333
MUC4,DLBC,1.354166667
MUC2,DLBC,1.25
B2M,DLBC,1.229166667
BTG2,DLBC,1.1875
MUC16,DLBC,1
TTN,DLBC,0.979166667
FAT4,DLBC,0.979166667
PIM1,DLBC,0.958333333
SYNE1,DLBC,0.9375
MUC5B,DLBC,0.875
BTG1,DLBC,0.854166667
HIST1H1E,DLBC,0.854166667
CARD11,DLBC,0.833333333
FAT1,DLBC,0.75
CSMD3,DLBC,0.729166667
DST,DLBC,0.729166667
TNFAIP3,DLBC,0.6875
PCLO,DLBC,0.6875
MYD88,DLBC,0.6875
TET2,DLBC,0.6875
P2RY8,DLBC,0.666666667
ATM,DLBC,0.666666667
MUC17,DLBC,0.666666667
TP53,ESCA,3.405405405
TTN,ESCA,2.432432432
MUC16,ESCA,1.259459459
SYNE1,ESCA,1.075675676
CSMD3,ESCA,0.940540541
LRP1B,ESCA,0.848648649
HMCN1,ESCA,0.832432432
DNAH5,ESCA,0.816216216
RYR2,ESCA,0.783783784
MT-CO1,ESCA,0.778378378
DST,ESCA,0.767567568
FLG,ESCA,0.762162162
KMT2D,ESCA,0.756756757
MUC4,ESCA,0.740540541
PCLO,ESCA,0.724324324
USH2A,ESCA,0.708108108
CSMD1,ESCA,0.643243243
OBSCN,ESCA,0.632432432
Unknown,ESCA,0.632432432
XIRP2,ESCA,0.605405405
RIMS2,ESCA,0.605405405
FAT4,ESCA,0.605405405
MUC12,ESCA,0.6
SPTA1,ESCA,0.6
MACF1,ESCA,0.6
PTEN,GBM,1.303448276
TTN,GBM,1.182758621
TP53,GBM,1.155172414
EGFR,GBM,1.072413793
MUC16,GBM,0.775862069
FLG,GBM,0.548275862
NF1,GBM,0.489655172
Unknown,GBM,0.465517241
PIK3CA,GBM,0.444827586
PIK3R1,GBM,0.437931034
PCLO,GBM,0.437931034
RYR2,GBM,0.434482759
SPTA1,GBM,0.386206897
MUC17,GBM,0.365517241
RB1,GBM,0.35862069
HMCN1,GBM,0.324137931
AHNAK2,GBM,0.293103448
ATRX,GBM,0.286206897
NBPF10,GBM,0.275862069
USH2A,GBM,0.272413793
PKHD1,GBM,0.265517241
RYR3,GBM,0.265517241
FRG1B,GBM,0.25862069
OBSCN,GBM,0.248275862
LRP2,GBM,0.244827586
IDH1,GBMLGG,1.638888889
TP53,GBMLGG,1.625
ATRX,GBMLGG,1.085069444
TTN,GBMLGG,0.833333333
PTEN,GBMLGG,0.748263889
EGFR,GBMLGG,0.645833333
MUC16,GBMLGG,0.519097222
CIC,GBMLGG,0.434027778
PIK3CA,GBMLGG,0.380208333
NF1,GBMLGG,0.376736111
FLG,GBMLGG,0.342013889
PIK3R1,GBMLGG,0.321180556
RYR2,GBMLGG,0.284722222
PCLO,GBMLGG,0.262152778
MUC17,GBMLGG,0.243055556
Unknown,GBMLGG,0.234375
HMCN1,GBMLGG,0.222222222
NOTCH1,GBMLGG,0.217013889
RB1,GBMLGG,0.201388889
SPTA1,GBMLGG,0.201388889
OBSCN,GBMLGG,0.192708333
APOB,GBMLGG,0.192708333
AHNAK2,GBMLGG,0.189236111
PKHD1,GBMLGG,0.189236111
LRP2,GBMLGG,0.178819444
TP53,HNSC,3.111111111
TTN,HNSC,2.035842294
FAT1,HNSC,1.103942652
CDKN2A,HNSC,1.035842294
CSMD3,HNSC,0.992831541
MUC16,HNSC,0.949820789
LRP1B,HNSC,0.856630824
NOTCH1,HNSC,0.831541219
PIK3CA,HNSC,0.831541219
KMT2D,HNSC,0.792114695
SYNE1,HNSC,0.759856631
FLG,HNSC,0.698924731
DNAH5,HNSC,0.681003584
PCLO,HNSC,0.659498208
USH2A,HNSC,0.591397849
PKHD1L1,HNSC,0.52688172
RYR2,HNSC,0.512544803
SI,HNSC,0.501792115
NSD1,HNSC,0.480286738
DMD,HNSC,0.476702509
MUC17,HNSC,0.47311828
FAM135B,HNSC,0.455197133
COL11A1,HNSC,0.430107527
CUBN,HNSC,0.422939068
NBPF10,HNSC,0.415770609
MUC4,KICH,2.893939394
FRG1B,KICH,2.151515152
MUC6,KICH,1.5
TP53,KICH,1.348484848
MUC16,KICH,1.196969697
MUC2,KICH,1.166666667
ANKRD30BL,KICH,1.075757576
MUC5B,KICH,0.893939394
FRG1,KICH,0.863636364
AHNAK2,KICH,0.787878788
NBPF10,KICH,0.787878788
CDC27,KICH,0.712121212
KMT2C,KICH,0.621212121
PRB2,KICH,0.575757576
MT-ND5,KICH,0.545454545
PABPC1,KICH,0.53030303
PABPC3,KICH,0.515151515
DSPP,KICH,0.515151515
Unknown,KICH,0.5
PRSS3,KICH,0.484848485
TTN,KICH,0.46969697
RBMXL1,KICH,0.46969697
HLA-C,KICH,0.454545455
MT-CYB,KICH,0.439393939
PCDHA8,KICH,0.424242424
VHL,KIPAN,1.372670807
PBRM1,KIPAN,0.939440994
MUC4,KIPAN,0.902173913
TTN,KIPAN,0.678571429
Unknown,KIPAN,0.628881988
MUC16,KIPAN,0.433229814
FRG1B,KIPAN,0.414596273
SETD2,KIPAN,0.389751553
MUC2,KIPAN,0.372670807
KMT2C,KIPAN,0.279503106
MUC6,KIPAN,0.270186335
AHNAK2,KIPAN,0.257763975
MUC5B,KIPAN,0.242236025
TVP23C,KIPAN,0.223602484
KMT2D,KIPAN,0.222049689
DST,KIPAN,0.215838509
TP53,KIPAN,0.201863354
KDM5C,KIPAN,0.198757764
PTEN,KIPAN,0.192546584
MTOR,KIPAN,0.189440994
NEFH,KIPAN,0.183229814
USH2A,KIPAN,0.183229814
ANKRD30BL,KIPAN,0.178571429
PABPC1,KIPAN,0.177018634
HMCN1,KIPAN,0.166149068
VHL,KIRC,2.088729017
PBRM1,KIRC,1.376498801
Unknown,KIRC,0.791366906
MUC4,KIRC,0.762589928
TTN,KIRC,0.695443645
SETD2,KIRC,0.45323741
MUC16,KIRC,0.330935252
KDM5C,KIRC,0.273381295
MTOR,KIRC,0.24940048
BAP1,KIRC,0.215827338
DST,KIRC,0.206235012
USH2A,KIRC,0.191846523
PABPC1,KIRC,0.184652278
AHNAK2,KIRC,0.182254197
PTEN,KIRC,0.177458034
HMCN1,KIRC,0.177458034
KMT2C,KIRC,0.172661871
KMT2D,KIRC,0.158273381
PCLO,KIRC,0.153477218
GPR98,KIRC,0.148681055
SYNE1,KIRC,0.148681055
MUC6,KIRC,0.143884892
LRP1B,KIRC,0.136690647
COL6A6,KIRC,0.136690647
FAT3,KIRC,0.136690647
TVP23C,KIRP,0.869565217
FRG1B,KIRP,0.726708075
TTN,KIRP,0.720496894
MUC2,KIRP,0.683229814
MUC4,KIRP,0.447204969
NEFH,KIRP,0.422360248
KMT2C,KIRP,0.416149068
KMT2D,KIRP,0.397515528
MUC16,KIRP,0.385093168
MUC5B,KIRP,0.378881988
MET,KIRP,0.372670807
FAT1,KIRP,0.366459627
OBSCN,KIRP,0.329192547
SETD2,KIRP,0.329192547
SRCAP,KIRP,0.322981366
CUBN,KIRP,0.279503106
ZNF814,KIRP,0.273291925
KIAA1109,KIRP,0.260869565
ZNF598,KIRP,0.260869565
Unknown,KIRP,0.260869565
SMG1,KIRP,0.254658385
NEB,KIRP,0.254658385
DSPP,KIRP,0.248447205
NF2,KIRP,0.242236025
AHNAK2,KIRP,0.236024845
NPM1,LAML,1.365482234
FLT3,LAML,1.096446701
DNMT3A,LAML,1.040609137
Unknown,LAML,0.944162437
TET2,LAML,0.431472081
IDH2,LAML,0.406091371
IDH1,LAML,0.385786802
RUNX1,LAML,0.375634518
TP53,LAML,0.319796954
CEBPA,LAML,0.30964467
NRAS,LAML,0.304568528
WT1,LAML,0.263959391
PTPN11,LAML,0.182741117
KIT,LAML,0.16751269
KRAS,LAML,0.162436548
U2AF1,LAML,0.162436548
TTN,LAML,0.14213198
SMC3,LAML,0.137055838
SMC1A,LAML,0.131979695
PHF6,LAML,0.126903553
ASXL1,LAML,0.111675127
RAD21,LAML,0.111675127
STAG2,LAML,0.106598985
BRINP3,LAML,0.101522843
PLCE1,LAML,0.081218274
IDH1,LGG,3.090909091
TP53,LGG,2.101398601
ATRX,LGG,1.895104895
CIC,LGG,0.856643357
TTN,LGG,0.479020979
NOTCH1,LGG,0.437062937
FUBP1,LGG,0.34965035
PIK3CA,LGG,0.314685315
NF1,LGG,0.262237762
MUC16,LGG,0.258741259
EGFR,LGG,0.213286713
PIK3R1,LGG,0.202797203
SMARCA4,LGG,0.195804196
ARID1A,LGG,0.195804196
PTEN,LGG,0.185314685
BCOR,LGG,0.171328671
IDH2,LGG,0.167832168
APOB,LGG,0.164335664
ZBTB20,LGG,0.153846154
OBSCN,LGG,0.136363636
RYR2,LGG,0.132867133
FLG,LGG,0.132867133
FAT2,LGG,0.129370629
HMCN1,LGG,0.118881119
MUC17,LGG,0.118881119
TTN,LIHC,1.287878788
TP53,LIHC,1.272727273
CTNNB1,LIHC,1.035353535
MUC16,LIHC,0.873737374
APOB,LIHC,0.590909091
RYR2,LIHC,0.52020202
CSMD3,LIHC,0.464646465
ABCA13,LIHC,0.464646465
OBSCN,LIHC,0.444444444
USH2A,LIHC,0.419191919
PCLO,LIHC,0.409090909
FAT3,LIHC,0.388888889
LRP1B,LIHC,0.383838384
CSMD1,LIHC,0.378787879
ARID1A,LIHC,0.373737374
XIRP2,LIHC,0.373737374
ALB,LIHC,0.373737374
FLG,LIHC,0.368686869
CACNA1E,LIHC,0.358585859
GPR98,LIHC,0.353535354
DST,LIHC,0.353535354
DMD,LIHC,0.333333333
FREM2,LIHC,0.318181818
DNAH6,LIHC,0.318181818
SYNE2,LIHC,0.313131313
TTN,LUAD,2.139130435
TP53,LUAD,1.934782609
MUC16,LUAD,1.708695652
RYR2,LUAD,1.582608696
CSMD3,LUAD,1.52173913
KRAS,LUAD,1.308695652
USH2A,LUAD,1.295652174
LRP1B,LUAD,1.291304348
Unknown,LUAD,1.265217391
ZFHX4,LUAD,1.204347826
FLG,LUAD,1.156521739
SPTA1,LUAD,1.104347826
MUC17,LUAD,0.956521739
FAT3,LUAD,0.934782609
XIRP2,LUAD,0.934782609
PCLO,LUAD,0.895652174
CSMD1,LUAD,0.869565217
ZNF536,LUAD,0.839130435
NAV3,LUAD,0.834782609
KMT2C,LUAD,0.786956522
RP1L1,LUAD,0.782608696
PCDH15,LUAD,0.77826087
PAPPA2,LUAD,0.756521739
GPR112,LUAD,0.756521739
APOB,LUAD,0.743478261
TP53,LUSC,3.280898876
TTN,LUSC,3.162921348
MUC16,LUSC,2.016853933
CSMD3,LUSC,1.988764045
RYR2,LUSC,1.730337079
ZFHX4,LUSC,1.646067416
LRP1B,LUSC,1.612359551
USH2A,LUSC,1.52247191
SYNE1,LUSC,1.303370787
SPTA1,LUSC,1.02247191
RYR3,LUSC,1.011235955
FAM135B,LUSC,0.938202247
FLG,LUSC,0.91011236
NAV3,LUSC,0.91011236
PKHD1L1,LUSC,0.91011236
PKHD1,LUSC,0.904494382
KMT2D,LUSC,0.893258427
XIRP2,LUSC,0.882022472
DNAH11,LUSC,0.865168539
LRP2,LUSC,0.842696629
ERICH3,LUSC,0.842696629
DNAH5,LUSC,0.842696629
HCN1,LUSC,0.825842697
MUC17,LUSC,0.825842697
SI,LUSC,0.820224719
TP53,OV,3.449367089
TTN,OV,0.82278481
Unknown,OV,0.579113924
USH2A,OV,0.272151899
MUC16,OV,0.268987342
CSMD3,OV,0.25
FAT3,OV,0.25
HMCN1,OV,0.25
NF1,OV,0.202531646
AHNAK2,OV,0.199367089
RYR2,OV,0.196202532
MUC17,OV,0.196202532
DST,OV,0.183544304
LRP2,OV,0.17721519
DNAH5,OV,0.17721519
BRCA1,OV,0.170886076
APOB,OV,0.167721519
LRP1B,OV,0.164556962
HYDIN,OV,0.158227848
FAT1,OV,0.158227848
AHNAK,OV,0.158227848
COL6A3,OV,0.155063291
DNAH3,OV,0.155063291
RYR1,OV,0.14556962
MACF1,OV,0.139240506
KRAS,PAAD,3.369863014
TP53,PAAD,2.856164384
RBM4,PAAD,1.698630137
JMY,PAAD,1.520547945
RIOK1,PAAD,1.506849315
LCE2A,PAAD,1.260273973
TTN,PAAD,1.246575342
ZFHX3,PAAD,1.020547945
SMAD4,PAAD,0.97260274
CDKN2A,PAAD,0.952054795
C1QB,PAAD,0.945205479
KMT2D,PAAD,0.842465753
DBR1,PAAD,0.794520548
AP3S1,PAAD,0.753424658
AEBP1,PAAD,0.719178082
AXDND1,PAAD,0.705479452
RBM47,PAAD,0.684931507
RFX1,PAAD,0.664383562
NCOA3,PAAD,0.636986301
MUC16,PAAD,0.609589041
RGPD3,PAAD,0.520547945
IRS4,PAAD,0.465753425
RANBP2,PAAD,0.424657534
ANAPC1,PAAD,0.424657534
SPTA1,PAAD,0.397260274
FRG1B,PCPG,0.888268156
HRAS,PCPG,0.402234637
NF1,PCPG,0.379888268
TTN,PCPG,0.25698324
NBPF10,PCPG,0.25698324
MLLT3,PCPG,0.223463687
ANKRD36C,PCPG,0.217877095
MUC16,PCPG,0.201117318
EPAS1,PCPG,0.17877095
CHEK2,PCPG,0.17877095
POTEC,PCPG,0.17877095
PRG4,PCPG,0.139664804
NUDT11,PCPG,0.139664804
MAML3,PCPG,0.134078212
BCRP7,PCPG,0.134078212
RET,PCPG,0.134078212
RGPD8,PCPG,0.134078212
ANKRD36,PCPG,0.134078212
ABCA13,PCPG,0.134078212
DNM1P47,PCPG,0.12849162
CDC27,PCPG,0.12849162
ATRX,PCPG,0.12849162
NBPF1,PCPG,0.122905028
RP11-156P1.2,PCPG,0.117318436
ZNF844,PCPG,0.111731844
TTN,PRAD,0.481927711
SPOP,PRAD,0.448795181
MUC16,PRAD,0.274096386
TP53,PRAD,0.271084337
MUC17,PRAD,0.228915663
SPTA1,PRAD,0.180722892
KMT2C,PRAD,0.174698795
ATM,PRAD,0.168674699
FOXA1,PRAD,0.165662651
OBSCN,PRAD,0.162650602
KMT2D,PRAD,0.162650602
AHNAK2,PRAD,0.153614458
FAT3,PRAD,0.147590361
CSMD3,PRAD,0.144578313
LRP1B,PRAD,0.138554217
HMCN1,PRAD,0.138554217
AHNAK,PRAD,0.135542169
RP1,PRAD,0.135542169
FAT4,PRAD,0.123493976
FLG,PRAD,0.120481928
PTEN,PRAD,0.11746988
DCHS2,PRAD,0.114457831
SYNE1,PRAD,0.114457831
FLG2,PRAD,0.111445783
GPR98,PRAD,0.111445783
APC,READ,4.15942029
TP53,READ,2.739130435
KRAS,READ,2.173913043
TTN,READ,1.130434783
SYNE1,READ,0.768115942
MUC16,READ,0.695652174
FAT4,READ,0.652173913
LRP1B,READ,0.594202899
CSMD3,READ,0.594202899
CSMD1,READ,0.579710145
AHNAK2,READ,0.536231884
FBXW7,READ,0.536231884
KIAA1804,READ,0.52173913
HMCN1,READ,0.507246377
ZFHX4,READ,0.47826087
ATP10A,READ,0.47826087
FAT2,READ,0.463768116
SMAD4,READ,0.463768116
DNAH10,READ,0.449275362
ANK2,READ,0.434782609
COL12A1,READ,0.434782609
DCHS2,READ,0.434782609
DMD,READ,0.434782609
SETX,READ,0.434782609
FLG,READ,0.434782609
TP53,SARC,1.329365079
ATRX,SARC,0.718253968
TTN,SARC,0.599206349
RB1,SARC,0.436507937
MUC16,SARC,0.432539683
PCLO,SARC,0.353174603
OBSCN,SARC,0.273809524
NRXN1,SARC,0.26984127
USH2A,SARC,0.265873016
MUC4,SARC,0.265873016
MT-CO1,SARC,0.265873016
RNF212,SARC,0.261904762
DNAH8,SARC,0.253968254
MUC5B,SARC,0.25
RYR1,SARC,0.242063492
LRP1B,SARC,0.238095238
MACF1,SARC,0.238095238
MUC17,SARC,0.234126984
MUC12,SARC,0.23015873
GPR98,SARC,0.226190476
DNAH5,SARC,0.226190476
CSMD1,SARC,0.222222222
NCOR2,SARC,0.218253968
FAT1,SARC,0.214285714
NEB,SARC,0.214285714
TTN,SKCM,3.128279883
MUC16,SKCM,2.89212828
Unknown,SKCM,2.580174927
DNAH5,SKCM,2.303206997
BRAF,SKCM,2.04664723
PCLO,SKCM,1.941690962
APOB,SKCM,1.644314869
LRP1B,SKCM,1.635568513
GPR98,SKCM,1.586005831
CSMD1,SKCM,1.586005831
FAT3,SKCM,1.521865889
DNAH7,SKCM,1.504373178
RP1,SKCM,1.486880466
XIRP2,SKCM,1.483965015
ANK3,SKCM,1.481049563
DSCAM,SKCM,1.463556851
CSMD2,SKCM,1.44606414
MGAM,SKCM,1.425655977
MUC17,SKCM,1.408163265
USH2A,SKCM,1.376093294
DNAH3,SKCM,1.370262391
PKHD1L1,SKCM,1.364431487
FAT4,SKCM,1.358600583
FLG,SKCM,1.358600583
DNAH8,SKCM,1.358600583
TTN,STAD,2.574394464
TP53,STAD,1.975778547
MUC16,STAD,1.553633218
ARID1A,STAD,1.467128028
SYNE1,STAD,1.207612457
LRP1B,STAD,1.190311419
FAT4,STAD,1.089965398
CSMD3,STAD,1.069204152
PCLO,STAD,1.031141869
HMCN1,STAD,0.993079585
FLG,STAD,0.979238754
CSMD1,STAD,0.975778547
KMT2D,STAD,0.955017301
OBSCN,STAD,0.948096886
FAT3,STAD,0.889273356
RYR2,STAD,0.871972318
SPTA1,STAD,0.871972318
DNAH5,STAD,0.858131488
RNF43,STAD,0.847750865
ZFHX4,STAD,0.837370242
PIK3CA,STAD,0.785467128
BZRAP1,STAD,0.778546713
PCDH15,STAD,0.764705882
RYR3,STAD,0.761245675
RYR1,STAD,0.757785467
TP53,STES,2.533755274
TTN,STES,2.518987342
MUC16,STES,1.438818565
SYNE1,STES,1.156118143
LRP1B,STES,1.056962025
ARID1A,STES,1.050632911
CSMD3,STES,1.018987342
HMCN1,STES,0.930379747
PCLO,STES,0.911392405
FAT4,STES,0.900843882
FLG,STES,0.894514768
KMT2D,STES,0.877637131
CSMD1,STES,0.845991561
DNAH5,STES,0.841772152
RYR2,STES,0.837552743
OBSCN,STES,0.824894515
FAT3,STES,0.776371308
SPTA1,STES,0.765822785
USH2A,STES,0.715189873
PCDH15,STES,0.687763713
ZFHX4,STES,0.685654008
XIRP2,STES,0.672995781
RYR3,STES,0.670886076
MACF1,STES,0.656118143
RIMS2,STES,0.641350211
Unknown,TGCT,1.570469799
MUC2,TGCT,0.912751678
TVP23C,TGCT,0.738255034
KIT,TGCT,0.67114094
MUC4,TGCT,0.67114094
FRG1B,TGCT,0.617449664
KRAS,TGCT,0.510067114
MUC6,TGCT,0.402684564
TTN,TGCT,0.348993289
CDC27,TGCT,0.342281879
PLEC,TGCT,0.315436242
OBSCN,TGCT,0.315436242
CELSR1,TGCT,0.308724832
NBPF10,TGCT,0.281879195
MUC17,TGCT,0.281879195
LAMA5,TGCT,0.281879195
DDX11,TGCT,0.248322148
DSPP,TGCT,0.241610738
MUC5B,TGCT,0.241610738
FAM186A,TGCT,0.241610738
AHNAK2,TGCT,0.241610738
MT-CYB,TGCT,0.234899329
ANKLE1,TGCT,0.228187919
KMT2C,TGCT,0.228187919
ANKRD11,TGCT,0.228187919
BRAF,THCA,2.402985075
NRAS,THCA,0.338308458
TTN,THCA,0.156716418
MUC16,THCA,0.156716418
TG,THCA,0.141791045
HRAS,THCA,0.139303483
DNAH9,THCA,0.094527363
Unknown,THCA,0.089552239
ZFHX3,THCA,0.082089552
KMT2A,THCA,0.069651741
OTUD4,THCA,0.064676617
MUC5B,THCA,0.059701493
MUC17,THCA,0.059701493
PPM1D,THCA,0.059701493
GPR98,THCA,0.05721393
OBSCN,THCA,0.05721393
PRKDC,THCA,0.054726368
ARID1B,THCA,0.054726368
PKHD1,THCA,0.054726368
JMJD1C,THCA,0.054726368
CSMD2,THCA,0.054726368
BDP1,THCA,0.054726368
LRP1,THCA,0.054726368
CHEK2,THCA,0.052238806
APOB,THCA,0.052238806
PTEN,UCEC,2.955645161
PIK3CA,UCEC,2.108870968
ARID1A,UCEC,1.596774194
TTN,UCEC,1.508064516
Unknown,UCEC,1.427419355
PIK3R1,UCEC,1.407258065
CTNNB1,UCEC,1.209677419
TP53,UCEC,1.173387097
MUC16,UCEC,0.903225806
KRAS,UCEC,0.858870968
CTCF,UCEC,0.834677419
CSMD3,UCEC,0.830645161
ZFHX3,UCEC,0.818548387
MUC5B,UCEC,0.806451613
FAT4,UCEC,0.745967742
RYR2,UCEC,0.741935484
FAT1,UCEC,0.737903226
DST,UCEC,0.701612903
ARHGAP35,UCEC,0.701612903
FAT3,UCEC,0.693548387
OBSCN,UCEC,0.685483871
DMD,UCEC,0.685483871
ZFHX4,UCEC,0.669354839
FBXW7,UCEC,0.649193548
USH2A,UCEC,0.641129032
TP53,UCS,3.666666667
FBXW7,UCS,1.578947368
FRG1B,UCS,1.50877193
PIK3CA,UCS,1.403508772
PPP2R1A,UCS,1.122807018
MUC4,UCS,1.01754386
PTEN,UCS,0.824561404
MT-ND5,UCS,0.771929825
TTN,UCS,0.771929825
CHD4,UCS,0.736842105
MT-CO1,UCS,0.684210526
ARID1A,UCS,0.631578947
MT-CYB,UCS,0.596491228
BAGE2,UCS,0.596491228
NBPF10,UCS,0.526315789
MT-ND2,UCS,0.526315789
LRP1B,UCS,0.526315789
MUC17,UCS,0.49122807
KRAS,UCS,0.49122807
MT-ND4,UCS,0.49122807
FLNA,UCS,0.49122807
MGAM,UCS,0.473684211
PIK3R1,UCS,0.473684211
ZBTB7B,UCS,0.456140351
AHNAK,UCS,0.456140351
GNAQ,UVM,2.0125
GNA11,UVM,1.8
SF3B1,UVM,0.9
BAP1,UVM,0.85
EIF1AX,UVM,0.45
PHF7,UVM,0.3375
TTN,UVM,0.275
MUC16,UVM,0.25
RYR2,UVM,0.2
MYOF,UVM,0.1875
CSMD3,UVM,0.175
MACF1,UVM,0.15
SRSF2,UVM,0.15
PRKDC,UVM,0.15
CYSLTR2,UVM,0.15
PKHD1L1,UVM,0.15
COL14A1,UVM,0.15
PLCB2,UVM,0.1375
SYNE1,UVM,0.1375
PCDHB7,UVM,0.125
MAPKAPK5,UVM,0.125
UBR4,UVM,0.125
NRK,UVM,0.125
SYTL3,UVM,0.125
ARHGEF17,UVM,0.125